<?xml version="1.0" encoding="UTF-8"?>
<root>
  <item name="com.jonas.yun_library.tablayout.JPagerSlidingTabStrip void setTabMode(int) 0">
    <annotation name="android.support.annotation.IntDef">
      <val name="value" val="{com.jonas.yun_library.tablayout.JPagerSlidingTabStrip.MODE_TOP, com.jonas.yun_library.tablayout.JPagerSlidingTabStrip.MODE_BUTTOM}" />
    </annotation>
  </item>
  <item name="com.jonas.yun_library.tablayout.JPagerSlidingTabStrip.TabMode">
    <annotation name="android.support.annotation.IntDef">
      <val name="value" val="{com.jonas.yun_library.tablayout.JPagerSlidingTabStrip.MODE_TOP, com.jonas.yun_library.tablayout.JPagerSlidingTabStrip.MODE_BUTTOM}" />
    </annotation>
  </item>
  <item name="com.jonas.yun_library.tablayout.JPagerSlidingTabStrip2 void setTabMode(int) 0">
    <annotation name="android.support.annotation.IntDef">
      <val name="value" val="{com.jonas.yun_library.tablayout.JPagerSlidingTabStrip2.MODE_TOP, com.jonas.yun_library.tablayout.JPagerSlidingTabStrip2.MODE_BUTTOM}" />
    </annotation>
  </item>
  <item name="com.jonas.yun_library.tablayout.JPagerSlidingTabStrip2.TabMode">
    <annotation name="android.support.annotation.IntDef">
      <val name="value" val="{com.jonas.yun_library.tablayout.JPagerSlidingTabStrip2.MODE_TOP, com.jonas.yun_library.tablayout.JPagerSlidingTabStrip2.MODE_BUTTOM}" />
    </annotation>
  </item>
</root>

